<panda>
  <asset>
    <mesh name="link0" file="link0.obj" />
    <mesh name="link1" file="link1.obj" />
    <mesh name="link2" file="link2.obj" />
    <mesh name="link3" file="link3.obj" />
    <mesh name="link4" file="link4.obj" />
    <mesh name="link5" file="link5.obj" />
    <mesh name="link6" file="link6.obj" />
    <mesh name="link7" file="link7.obj" />
    <mesh name="hand" file="hand.obj" />
    <texture name="panda" file="panda.png" type="2d" />
    <material name="panda" texture="panda" shininess=".4" specular=".4" />
    <material name="panda_white" rgba="1 1 1 1" shininess="0.4" specular="0.4" />
  </asset>

  <actuator>
    <position ctrllimited="true" ctrlrange="-1.57 1.57" kp="100" joint="panda_joint1"/>
    <position ctrllimited="true" ctrlrange="-1.57 1.57" kp="100" joint="panda_joint2"/>
    <position ctrllimited="true" ctrlrange="-1.57 1.57" kp="100" joint="panda_joint3"/>
    <position ctrllimited="true" ctrlrange="-1.57 1.57" kp="100" joint="panda_joint4"/>
    <position ctrllimited="true" ctrlrange="-1.57 1.57" kp="100" joint="panda_joint5"/>
    <position ctrllimited="true" ctrlrange="-1.57 1.57" kp="100" joint="panda_joint6"/>
    <position ctrllimited="true" ctrlrange="-1.57 1.57" kp="100" joint="panda_joint7"/>
  </actuator>

  <worldbody>
    <body name="panda_link0">
      <geom name="panda_link0" type="mesh" material="panda" mesh="link0"
            mass="1.5" friction="0.7 0.1 0.05" condim="3"/>
      <body name="panda_link1" pos="0 0 0.333">
        <joint name="panda_joint1" pos="0 0 0" axis="0 0 1" />
        <geom name="panda_link1" type="mesh" material="panda_white" mesh="link1"
              mass="1.5" friction="0.7 0.1 0.05" condim="3"/>
        <body name="panda_link2" pos="0 0 0" quat="0.707107 -0.707107 0 0">
          <joint name="panda_joint2" pos="0 0 0" axis="0 0 1" />
          <geom name="panda_link2" type="mesh" material="panda_white" mesh="link2"
                mass="1.5" friction="0.7 0.1 0.05" condim="3"/>
          <body name="panda_link3" pos="0 -0.316 0" quat="0.707107 0.707107 0 0">
            <joint name="panda_joint3" pos="0 0 0" axis="0 0 1" />
            <geom name="panda_link3" type="mesh" material="panda" mesh="link3"
                  mass="1.5" friction="0.7 0.1 0.05" condim="3"/>
            <body name="panda_link4" pos="0.0825 0 0" quat="0.707107 0.707107 0 0">
              <joint name="panda_joint4" pos="0 0 0" axis="0 0 1" />
              <geom name="panda_link4" type="mesh" material="panda" mesh="link4"
                    mass="1.5" friction="0.7 0.1 0.05" condim="3"/>
              <body name="panda_link5" pos="-0.0825 0.384 0" quat="0.707107 -0.707107 0 0">
                <joint name="panda_joint5" pos="0 0 0" axis="0 0 1" />
                <geom name="panda_link5" type="mesh" material="panda" mesh="link5"
                      mass="1.5" friction="0.7 0.1 0.05" condim="3"/>
                <body name="panda_link6" pos="0 0 0" quat="0.707107 0.707107 0 0">
                  <joint name="panda_joint6"
                         type="hinge"
                         pos="0 0 0"
                         axis="0 0 1"
                         limited="true"
                         range="-2.8973 2.8973"
                         ref="-0.872664626"/>  <!-- joint6 기본 0.87266rad -->
                  <geom name="panda_link6" type="mesh" material="panda" mesh="link6"
                        mass="1.5" friction="0.7 0.1 0.05" condim="3"/>
                  <body name="panda_link7" pos="0.088 0 0" quat="0.707107 0.707107 0 0">
                    <joint name="panda_joint7"
                           type="hinge"
                           pos="0 0 0"
                           axis="0 0 1"
                           limited="true"
                           range="-2.8973 2.8973"
                           ref="-0.7853981634"/>  <!-- joint7 기본 0.7854rad -->
                    <geom name="panda_link7" type="mesh" material="panda" mesh="link7"
                          mass="1.5" friction="0.7 0.1 0.05" condim="3" />
                    <body name="panda_link8" pos="0 0 0.107">
                      <body name="panda_hand" euler="0 0 -0.785398163397">
                        <geom name="panda_hand" type="mesh" material="panda" mesh="hand" />
                        <body name="scoop_combo" pos="0 0 0.12">
                          <geom name="handle" type="box" size="0.005 0.0075 0.12" rgba="0.33 0.33 0.33 1"/>
                          <geom name="plate" type="box"
                                pos="0.0399264069 0 0.1595979798"
                                euler="0 -0.785398 0"
                                size="0.06 0.06 0.002"
                                friction="1.0 0.1 0.01" condim="3"
                                rgba="0.33 0.33 0.33 1"/>
                          <site name="plate_center" pos="0.0399264069 0 0.1595979798" euler="0 -0.785398 0" size="0.005" rgba="1 0 0 1"/>
                        </body>
                      </body>
                    </body>
                  </body>
                </body>
              </body>
            </body>
          </body>
        </body>
      </body>
    </body>
  </worldbody>
</panda>
